ID,Tier,Age,Salary,Orders,TotalSpent,Email,City
1,free,22,42000,3,8500,ali.raza@example.com,Lahore
2,team,29,68000,8,24500,ayesha.khan@example.com,Karachi
3,free,25,45000,4,11200,hassan.malik@example.com,Islamabad
4,pro,38,120000,18,86500,fatima.ahmed@example.com,Rawalpindi
5,team,31,72000,10,31800,usman.tariq@example.com,Faisalabad
6,free,27,48000,5,14200,sana.siddiqui@example.com,Multan
7,pro,42,145000,22,124000,bilal.shah@example.com,Lahore
8,team,34,85000,12,45200,zainab.noor@example.com,Karachi
9,free,23,39000,2,6200,hamza.qureshi@example.com,Peshawar
10,pro,45,160000,25,158000,maryam.hussain@example.com,Islamabad
11,team,30,75000,9,28600,omar.farooq@example.com,Quetta
12,free,26,46000,4,9800,maham.iqbal@example.com,Lahore
13,pro,40,135000,20,101500,ali.khan@example.com,Karachi
14,team,33,81000,11,39700,saad.ahmed@example.com,Multan
15,free,24,43000,3,7700,noor.fatima@example.com,Rawalpindi
16,pro,37,112000,16,74200,hamza.ali@example.com,Faisalabad
17,team,35,90000,13,52800,laiba.siddiqui@example.com,Peshawar
18,free,28,51000,6,16900,farhan.raza@example.com,Islamabad
19,pro,43,152000,23,139500,saira.malik@example.com,Lahore
20,team,32,79000,10,35100,ahmed.qureshi@example.com,Karachi
